Hostname,Zone
hrlxvclanlv01.uk.ri.ad,Heathrow
hrlxvclanlv06.uk.ri.ad,Heathrow
hrlxvclanlv07.uk.ri.ad,Heathrow
hrlxvclanlv08.uk.ri.ad,Heathrow
hrlxvclanlv09.uk.ri.ad,Heathrow
hrlxvclanlv10.uk.ri.ad,Heathrow
hrlxvclanlv11.uk.ri.ad,Heathrow
hrlxvclanlv15.uk.ri.ad,Heathrow
hrlxvclanlv16.uk.ri.ad,Heathrow
hrlxvclanlv18.uk.ri.ad,Heathrow
hrlxvclanlv19.uk.ri.ad,Heathrow
hrlxvclanlv20.uk.ri.ad,Heathrow
hrlxvclanlv22.uk.ri.ad,Heathrow
hrlxvclanlv23.uk.ri.ad,Heathrow
hrlxvclanlv24.uk.ri.ad,Heathrow
hrlxvclanlv25.uk.ri.ad,Heathrow
hrlxvclanlv26.uk.ri.ad,Heathrow
hrlxvclanlv27.uk.ri.ad,Heathrow
hrlxvclanlv28.uk.ri.ad,Heathrow
hrlxvclanlv30.uk.ri.ad,Heathrow
hrlxvclanlv31.uk.ri.ad,Heathrow
hrlxvclanlv32.uk.ri.ad,Heathrow
hrlxvclanlv33.uk.ri.ad,Heathrow
hrlxvclanlv34.uk.ri.ad,Heathrow
hrlxvclanlv35.uk.ri.ad,Heathrow
hrlxvclanlv37.uk.ri.ad,Heathrow
hrlxvclanlv38.uk.ri.ad,Heathrow
hrlxvclanlv39.uk.ri.ad,Heathrow
hrlxvclanlv42.uk.ri.ad,Heathrow
hrlxvclanlv43.uk.ri.ad,Heathrow
hrlxvclanlv44.uk.ri.ad,Heathrow
hrlxvclanlv45.uk.ri.ad,Heathrow
hrlxvclanlv46.uk.ri.ad,Heathrow
hrlxvclanlv47.uk.ri.ad,Heathrow
hrlxvclanlv48.uk.ri.ad,Heathrow
hrlxvclanlv49.uk.ri.ad,Heathrow
hrlxvclanlv50.uk.ri.ad,Heathrow
hrlxvclanlv51.uk.ri.ad,Heathrow
hrlxvclanlv52.uk.ri.ad,Heathrow
hrlxvclanlv53.uk.ri.ad,Heathrow
hrlxvclanlv55.uk.ri.ad,Heathrow
hrlxvclanlv56.uk.ri.ad,Heathrow
hrlxvclanlv57.uk.ri.ad,Heathrow
hrlxvclanlv58.uk.ri.ad,Heathrow
hrlxvclanlv60.uk.ri.ad,Heathrow
hrlxvclanlv61.uk.ri.ad,Heathrow
hrlxvclanlv62.uk.ri.ad,Heathrow
hrlxvclanlv63.uk.ri.ad,Heathrow
hrlxvclanlv64.uk.ri.ad,Heathrow
hrlxvclanlv65.uk.ri.ad,Heathrow
hrlxvclanlv66.uk.ri.ad,Heathrow
hrlxvclanlv67.uk.ri.ad,Heathrow
hrlxvclanlv68.uk.ri.ad,Heathrow
hrlxvclanlv69.uk.ri.ad,Heathrow
hrlxvclanlv70.uk.ri.ad,Heathrow
hrlxvclanlv71.uk.ri.ad,Heathrow
hrlxvclanlv72.uk.ri.ad,Heathrow
hrlxvclanlv73.uk.ri.ad,Heathrow
hrlxvclanlv74.uk.ri.ad,Heathrow
hrlxvclanlv75.uk.ri.ad,Heathrow
hrlxvclanlv76.uk.ri.ad,Heathrow
hrlxvclanlv77.uk.ri.ad,Heathrow
hrlxvclanlv78.uk.ri.ad,Heathrow
hrlxvclanlv79.uk.ri.ad,Heathrow
hrlxvclanlv80.uk.ri.ad,Heathrow
hrlxvclanlv81.uk.ri.ad,Heathrow
hrlxvclanlv82.uk.ri.ad,Heathrow
hrlxvclanlv85.uk.ri.ad,Heathrow
hrlxvclanlv86.uk.ri.ad,Heathrow
hrlxvclanlv87.uk.ri.ad,Heathrow
hrlxvclanlv88.uk.ri.ad,Heathrow
hrlxvclanlv90.uk.ri.ad,Heathrow
hrlxvclanlv91.uk.ri.ad,Heathrow
hrlxvclanlv93.uk.ri.ad,Heathrow
hrlxvclanlv95.uk.ri.ad,Heathrow
hrlxvclanlv96.uk.ri.ad,Heathrow
hrlxvclanlv97.uk.ri.ad,Heathrow
hrlxvclanlv99.uk.ri.ad,Heathrow
hrlxcarebk01.uk.ri.ad,Heathrow
hrlxdns01.uk.ri.ad,Heathrow
hrlxdns02.uk.ri.ad,Heathrow
hrlxoadblv01.uk.ri.ad,Heathrow
hrlxpricebilldblv01.uk.ri.ad,Heathrow
hrlxpricebillweblv01.uk.ri.ad,Heathrow
hrlxsalgw01.uk.ri.ad,Heathrow
hrlxsonicbrklv01.uk.ri.ad,Heathrow
hrlxstm02.uk.ri.ad,Heathrow
hrlxwebhostlv01.uk.ri.ad,Heathrow
wklxadviwslv01.uk.ri.ad,Woking
wklxadvrpclv01.uk.ri.ad,Woking
wklxadvsynclv01.uk.ri.ad,Woking
wklxadvsyncrp01.uk.ri.ad,Woking
wklxadvsyncrpclv03.uk.ri.ad,Woking
wklxadvsyncrpclv04.uk.ri.ad,Woking
wklxambconnapplv01.uk.ri.ad,Woking
wklxambibslv01.uk.ri.ad,Woking
wklxaribalv01.uk.ri.ad,Woking
wklxaribalv02.uk.ri.ad,Woking
wklxbomgarlv01.uk.ri.ad,Woking
wklxcarebk01.uk.ri.ad,Woking
wklxcatappdv01.uk.ri.ad,Woking
wklxcatapplv01.uk.ri.ad,Woking
wklxcatapplv02.uk.ri.ad,Woking
wklxcatapplv03.uk.ri.ad,Woking
wklxcatapplv04.uk.ri.ad,Woking
wklxcatappts01.uk.ri.ad,Woking
wklxcnntlv01.uk.ri.ad,Woking
wklxgsdc01.uk.ri.ad,Woking
wklxiaasapplv01.uk.ri.ad,Woking
wklxiaasapplv02.uk.ri.ad,Woking
wklxiaasdblv01.uk.ri.ad,Woking
wklxiaasdblv02.uk.ri.ad,Woking
wklxiaasweblv01.uk.ri.ad,Woking
wklxiaasweblv02.uk.ri.ad,Woking
wklxicabsaerpcdblv01.uk.ri.ad,Woking
wklxicabsaerpcrmlv01.uk.ri.ad,Woking
wklxicabsatrpcdblv01.uk.ri.ad,Woking
wklxicabsatrpcrmlv01.uk.ri.ad,Woking
wklxicabsbbrpcdblv01.uk.ri.ad,Woking
wklxicabsbeambdblv01.uk.ri.ad,Woking
wklxicabsbeambrmlv01.uk.ri.ad,Woking
wklxicabsbehygdblv01.uk.ri.ad,Woking
wklxicabsbehygrmlv01.uk.ri.ad,Woking
wklxicabsberpcdblv01.uk.ri.ad,Woking
wklxicabsberpcrmlv01.uk.ri.ad,Woking
wklxicabschrpcdblv01.uk.ri.ad,Woking
wklxicabschrpcrmlv01.uk.ri.ad,Woking
wklxicabsdeambdblv01.uk.ri.ad,Woking
wklxicabsdeambrmlv01.uk.ri.ad,Woking
wklxicabsdehygdblv01.uk.ri.ad,Woking
wklxicabsdehygrmlv01.uk.ri.ad,Woking
wklxicabsderpcdblv01.uk.ri.ad,Woking
wklxicabsderpcrmlv01.uk.ri.ad,Woking
wklxicabsdkambdblv01.uk.ri.ad,Woking
wklxicabsdkambrmlv01.uk.ri.ad,Woking
wklxicabsdkdblv01.uk.ri.ad,Woking
wklxicabsdkiwsdblv01.uk.ri.ad,Woking
wklxicabsdkiwsrmlv01.uk.ri.ad,Woking
wklxicabsdkrmlv01.uk.ri.ad,Woking
wklxicabsdkrpcdblv01.uk.ri.ad,Woking
wklxicabsdkrpcrmlv01.uk.ri.ad,Woking
wklxicabsesambdblv01.uk.ri.ad,Woking
wklxicabsesambrmlv01.uk.ri.ad,Woking
wklxicabsesdblv01.uk.ri.ad,Woking
wklxicabsesrmlv01.uk.ri.ad,Woking
wklxicabsfiambdblv01.uk.ri.ad,Woking
wklxicabsfiambrmlv01.uk.ri.ad,Woking
wklxicabsfidblv01.uk.ri.ad,Woking
wklxicabsfiiwsdblv01.uk.ri.ad,Woking
wklxicabsfiiwsrmlv01.uk.ri.ad,Woking
wklxicabsfirmlv0101.uk.ri.ad,Woking
wklxicabsfirpcdblv01.uk.ri.ad,Woking
wklxicabsfirpcrmlv01.uk.ri.ad,Woking
wklxicabsframbdblv01.uk.ri.ad,Woking
wklxicabsframbrmlv01.uk.ri.ad,Woking
wklxicabsfrrpcdblv01.uk.ri.ad,Woking
wklxicabsfrrpcrmlv01.uk.ri.ad,Woking
wklxicabsieambdblv01.uk.ri.ad,Woking
wklxicabsieambrmlv01.uk.ri.ad,Woking
wklxicabsieiwsdblv01.uk.ri.ad,Woking
wklxicabsieiwsrmlv01.uk.ri.ad,Woking
wklxicabsierpcdblv01.uk.ri.ad,Woking
wklxicabsierpcrmlv01.uk.ri.ad,Woking
wklxicabsimsrest.uk.ri.ad,Woking
wklxicabsitdblv01.uk.ri.ad,Woking
wklxicabsitrmlv01.uk.ri.ad,Woking
wklxicabskerpcdblv01.uk.ri.ad,Woking
wklxicabskerpcrmlv01.uk.ri.ad,Woking
wklxicabslyrpcdblv01.uk.ri.ad,Woking
wklxicabslyrpcrmlv01.uk.ri.ad,Woking
wklxicabsnlambdblv01.uk.ri.ad,Woking
wklxicabsnlambrmlv01.uk.ri.ad,Woking
wklxicabsnlhygdblv01.uk.ri.ad,Woking
wklxicabsnlhygrmlv01.uk.ri.ad,Woking
wklxicabsnlrpcdblv01.uk.ri.ad,Woking
wklxicabsnlrpcrmlv01.uk.ri.ad,Woking
wklxicabsnoambdblv01.uk.ri.ad,Woking
wklxicabsnoambrmlv01.uk.ri.ad,Woking
wklxicabsnodblv01.uk.ri.ad,Woking
wklxicabsnoiwsdblv01.uk.ri.ad,Woking
wklxicabsnoiwsrmlv01.uk.ri.ad,Woking
wklxicabsnormlv01.uk.ri.ad,Woking
wklxicabsnorpcdblv01.uk.ri.ad,Woking
wklxicabsnorpcrmlv01.uk.ri.ad,Woking
wklxicabsptdblv01.uk.ri.ad,Woking
wklxicabsptrmlv01.uk.ri.ad,Woking
wklxicabsrmlv01.uk.ri.ad,Woking
wklxicabsseambdblv01.uk.ri.ad,Woking
wklxicabsseambrmlv01.uk.ri.ad,Woking
wklxicabsseiwsdblv01.uk.ri.ad,Woking
wklxicabsseiwsrmlv01.uk.ri.ad,Woking
wklxicabstrrpcdblv01.uk.ri.ad,Woking
wklxicabstrrpcrmlv01.uk.ri.ad,Woking
wklxicabsttrpcdblv01.uk.ri.ad,Woking
wklxicabsttrpcrmlv01.uk.ri.ad,Woking
wklxicabsukambdblv01.uk.ri.ad,Woking
wklxicabsukambrmlv01.uk.ri.ad,Woking
wklxicabsukhygdblv01.uk.ri.ad,Woking
wklxicabsukhygrmlv01.uk.ri.ad,Woking
wklxicabsukhygrmlv01.uk.ri.ad,Woking
wklxicabsukhygrmlv02.uk.ri.ad,Woking
wklxicabsukimsdblv01.uk.ri.ad,Woking
wklxicabsukimsrmlv01.uk.ri.ad,Woking
wklxicabsukiwsdblv01.uk.ri.ad,Woking
wklxicabsukiwsqv99.uk.ri.ad,Woking
wklxicabsukiwsrmlv01.uk.ri.ad,Woking
wklxicabsukrpcdblv01.uk.ri.ad,Woking
wklxicabsukrpcrmlv01.uk.ri.ad,Woking
wklxicabsukwatdblv01.uk.ri.ad,Woking
wklxicabsukwatrmlv01.uk.ri.ad,Woking
wklxicdeapplv01.uk.ri.ad,Woking
wklxicesapplv01.uk.ri.ad,Woking
wklxicitapplv01.uk.ri.ad,Woking
wklxicnlapplv01.uk.ri.ad,Woking
wklxieibslv01.uk.ri.ad,Woking
wklxifsdblv02.uk.ri.ad,Woking
wklxifsdblv04.uk.ri.ad,Woking
wklxifsdblv05.uk.ri.ad,Woking
wklxjiralv01.uk.ri.ad,Woking
wklxmaxapplv01.uk.ri.ad,Woking
wklxmaxapplv02.uk.ri.ad,Woking
wklxmaxdblv01.uk.ri.ad,Woking
wklxmaxdblv02.uk.ri.ad,Woking
wklxmaxweblv02.uk.ri.ad,Woking
wklxmedtrackapplv01.uk.ri.ad,Woking
wklxmysql01.uk.ri.ad,Woking
wklxoaapplv01.uk.ri.ad,Woking
wklxoadblv01.uk.ri.ad,Woking
wklxoadbuat01.uk.ri.ad,Woking
wklxoemgmtlv01.uk.ri.ad,Woking
wklxpabdblv01.uk.ri.ad,Woking
wklxpdaamblv01.uk.ri.ad,Woking
wklxpdaimslv02.uk.ri.ad,Woking
wklxpdaiwslv01.uk.ri.ad,Woking
wklxpdarpclv01.uk.ri.ad,Woking
wklxpdarpclv03.uk.ri.ad,Woking
wklxpdasynchyglv01.uk.ri.ad,Woking
wklxpdasyncimslv01.uk.ri.ad,Woking
wklxpdasynciwslv03.uk.ri.ad,Woking
wklxpdasynciwslv04.uk.ri.ad,Woking
wklxpdasynciwsts04.uk.ri.ad,Woking
wklxpnolatapplv01.uk.ri.ad,Woking
wklxpnolauapplv01.uk.ri.ad,Woking
wklxpnolbeapplv01.uk.ri.ad,Woking
wklxpnolchapplv01.uk.ri.ad,Woking
wklxpnoldeapplv01.uk.ri.ad,Woking
wklxpnoldeappts01.uk.ri.ad,Woking
wklxpnoldkapplv01.uk.ri.ad,Woking
wklxpnolesapplv01.uk.ri.ad,Woking
wklxpnolfiapplv01.uk.ri.ad,Woking
wklxpnolfrapplv01.uk.ri.ad,Woking
wklxpnolieapplv01.uk.ri.ad,Woking
wklxpnolitapplv01.uk.ri.ad,Woking
wklxpnolkrapplv01.uk.ri.ad,Woking
wklxpnollyapplv01.uk.ri.ad,Woking
wklxpnolnlapplv01.uk.ri.ad,Woking
wklxpnolnlappts01.uk.ri.ad,Woking
wklxpnolnoapplv01.uk.ri.ad,Woking
wklxpnolnzapplv01.uk.ri.ad,Woking
wklxpnolptapplv01.uk.ri.ad,Woking
wklxpnolseapplv01.uk.ri.ad,Woking
wklxpnoltrapplv01.uk.ri.ad,Woking
wklxpnoluaeapplv01.uk.ri.ad,Woking
wklxpnolukapplv01.uk.ri.ad,Woking
wklxpnolukappts01.uk.ri.ad,Woking
wklxpnolzaapplv01.uk.ri.ad,Woking
wklxproxy01.uk.ri.ad,Woking
wklxproxy02.uk.ri.ad,Woking
wklxproxy03.uk.ri.ad,Woking
wklxproxy04.uk.ri.ad,Woking
wklxproxy05.uk.ri.ad,Woking
wklxqmetrylv01.uk.ri.ad,Woking
wklxrichdtest02,Woking
wklxricsapplv01.uk.ri.ad,Woking
wklxricsapplv02.uk.ri.ad,Woking
wklxrmxlv01.uk.ri.ad,Woking
wklxrmxlv02.uk.ri.ad,Woking
wklxrmxlv03.uk.ri.ad,Woking
wklxrmxts01.uk.ri.ad,Woking
wklxsalgw01.uk.ri.ad,Woking
wklxsaturnlv01.uk.ri.ad,Woking
wklxsaturnts01.uk.ri.ad,Woking
wklxsftplv01.uk.ri.ad,Woking
wklxsms01.uk.ri.ad,Woking
wklxsonicbrklv02.uk.ri.ad,Woking
wklxstm01.uk.ri.ad,Woking
wklxsvnlv01.uk.ri.ad,Woking
wklxubersvnts01.uk.ri.ad,Woking
wklxwebapplv01.uk.ri.ad,Woking
wklxwebapplv02.uk.ri.ad,Woking
wklxwebapplv03.uk.ri.ad,Woking
wklxwebapplv04.uk.ri.ad,Woking
wklxwebapplv05.uk.ri.ad,Woking
wklxwebapplv06.uk.ri.ad,Woking
wklxwebdblv01.uk.ri.ad,Woking
wklxwebdblv02.uk.ri.ad,Woking
wklxwebdblv03.uk.ri.ad,Woking
wklxwebdblv04.uk.ri.ad,Woking
wklxwebsvcslv01.uk.ri.ad,Woking