"Zone","User","UnixName","UID","GID","Gecos","Home","Shell"
"Global","ad2adm","ad2adm","119146","501","SAP System Administrator","/homel/ad2adm","/bin/csh"
"Global","adbftp","adbftp","18638","202","","/home/adbftp","/usr/bin/ksh"
"Global","adbprod","adbprod","18637","202","GIPA(15249)EXP(22JAN2011) - Kevin Sadler,Jon Moore","/home/adbprod","/bin/ksh"
"Global","admin","admin","15865","55556","","/home/admin","/bin/bash"
"Global","adqadm","adqadm","118743","501","SAP System Administrator","/homel/adqadm","/bin/csh"
"Global","alexam","alexam","118613","120","Michael Alexander","/home/alexam","/usr/bin/ksh"
"Global","ambrotm","ambrotm","118645","120","Todd M (P66) Ambrose","/home/ambrotm","/bin/bash"
"Global","anthros","anthros","17638","1","Functional account for LOPS Germany - Chris Brown","/opt/ftp/rsi/guests/anthros","/usr/bin/ksh"
"Global","applmgr","applmgr","18765","203","Application Mgr ID","/home/applmgr","/bin/ksh"
"Global","aqurash","aqurash","118034","4882","Arif Hussain Qurashi","/home/aqurash","/bin/ksh"
"Global","arndta","arndta","19207","120","","/home/arndta","/usr/bin/ksh"
"Global","ashank","ashank","120680","120","Ashan Khan (SpringPoint Technologies)","/home/ashank","/usr/bin/ksh"
"Global","at2adm","at2adm","118353","501","SAP System Administrator","/homel/at2adm","/bin/csh"
"Global","atqadm","atqadm","116577","501","SAP System Administrator","/homel/atqadm","/bin/csh"
"Global","avaya","avaya","504","555","","/home/avaya","/bin/bash"
"Global","azingj","azingj","130154","120","Jide Azinge","/home/azingj","/usr/bin/ksh"
"Global","ballid","ballid","18272","120","David Balli","/home/ballid","/bin/bash"
"Global","bandak","bandak","116485","120","Kiran Bandaru","/home/bandak","/usr/bin/ksh"
"Global","banoum","banoum","120127","5314","Marc Banoub","/home/banoum","/bin/bash"
"Global","bartztr","bartztr","130076","120","Tom Bartz","/home/bartztr","/usr/bin/ksh"
"Global","bd2adm","bd2adm","19361","501","SAP System Administrator","/home/bd2adm","/usr/bin/csh"
"Global","bdqadm","bdqadm","118818","501","SAP System Administrator","/home/bdqadm","/bin/csh"
"Global","beasor","beasor","120139","120","Rob (P66) Beason","/home/beasor","/bin/bash"
"Global","bhavss","bhavss","119535","120","Sunil Bhavsar","/home/bhavss","/bin/ksh"
"Global","bikrap","bikrap","121596","120","Bikram Paul","/home/bikrap","/usr/bin/ksh"
"Global","bishos","bishos","118582","1","Scott Bishop","/home/bishos","/bin/ksh"
"Global","bjallen","bjallen","6328","120","Betty J (P66)(Bartlesville) Allen","/home/bjallen","/bin/bash"
"Global","bmshelt","bmshelt","26317","120","Shelts, Barton M.","/home/bmshelt","/bin/ksh"
"Global","bohansk","bohansk","24168","500","Sharon Bohannan","/home/bohansk","/usr/bin/ksh"
"Global","bowerl","bowerl","121229","120","Lee Bower PSX (Humber) contractor","/home/bowerl","/usr/bin/ksh"
"Global","boyetje","boyetje","117018","120","Boyett, Jonathan E","/home/boyetje","/usr/bin/ksh"
"Global","breedcl","breedcl","112180","120","Clinton L Breeden","/home/breedcl","/usr/bin/ksh"
"Global","brewewl","brewewl","130033","681","Bill L Brewer","/home/brewewl","/usr/bin/ksh"
"Global","browndr","browndr","17445","230","","/home/browndr","/usr/bin/ksh"
"Global","brownnm","brownnm","121223","120","Nikki (P66) Browning","/home/brownnm","/bin/bash"
"Global","bruegj","bruegj","130197","120","Jeff Brueggemann","/home/bruegj","/usr/bin/ksh"
"Global","bschult2","bschult2","130137","120","Brian Schultes","/home/bschult2","/usr/bin/ksh"
"Global","bt2adm","bt2adm","19363","501","SAP System Administrator","/home/bt2adm","/bin/csh"
"Global","btqadm","btqadm","18616","501","SAP System Administrator","/home/btqadm","/bin/csh"
"Global","burkhj","burkhj","119652","681","Joseph Burkhalter","/home/burkhj","/usr/bin/ksh"
"Global","buscha","buscha","119846","120","Buscha Anja","/home/buscha","/usr/bin/ksh"
"Global","caconle","caconle","28311","230","","/home/caconle","/usr/bin/ksh"
"Global","ccdwftp","ccdwftp","19945","120","Credit Card Data Warehouse FTP Remedy Ticket #TKT3741537","/home/ccdwftp","/usr/bin/ksh"
"Global","cd2adm","cd2adm","18458","501","SAP System Administrator","/homel/cd2adm","/bin/csh"
"Global","cdqadm","cdqadm","118879","501","SAP System Administrator","/homel/cdqadm","/bin/csh"
"Global","chatoj","chatoj","119918","702","Chato Jackson","/home/chatoj","/bin/bash"
"Global","chelks","chelks","130198","120","Swathi Chelkapally","/home/chelks","/usr/bin/ksh"
"Global","clarkd","clarkd","36135","120","David K Clark ","/home/clarkd","/bin/ksh"
"Global","clhoelt","clhoelt","45835","230","","/home/clhoelt","/usr/bin/ksh"
"Global","cmpstest","cmpstest","118648","439","Scott Bishop","/home/cmpstest","/bin/ksh"
"Global","cms","cms","58396","120","CMS Admin ID","/home/cms","/usr/bin/ksh"
"Global","cmscrcd","cmscrcd","116125","438","Kevin Brackett - Butch Cross","/home/cmscrcd","/bin/ksh"
"Global","cntmedi","cntmedi","48247","120","Controlm EDI ID","/homel/cntmedi","/usr/bin/ksh"
"Global","cntpln","cntpln","31442","141","Contingency Planning ID","/home/cntpln","/usr/bin/ksh"
"Global","codyc","codyc","130091","120","Cody (P66) Christensen","/home/codyc","/bin/bash"
"Global","coffmj","coffmj","120658","120","John (P66) Coffman","/home/coffmj","/bin/bash"
"Global","coindev","coindev","118753","460","COIN Dev","/home/coindev","/bin/tcsh"
"Global","coinpric","coinpric","98948","460","COINPRIC","/home/coinpric","/bin/tcsh"
"Global","compass","compass","98950","437","Scott Bishop - DO NOT REPLY","/home/compass","/bin/ksh"
"Global","cottojm","cottojm","121631","120","James M Cotton","/home/cottojm","/bin/bash"
"Global","craft","craft","502","555","","/home/craft","/bin/bash"
"Global","critebd","critebd","119768","120","Brian D Crites","/home/critebd","/usr/bin/ksh"
"Global","csi_acct","csi_acct","501","501","","/opt/CMAgent","/bin/false"
"Global","ct2adm","ct2adm","18463","501","SAP System Administrator","/homel/ct2adm","/bin/csh"
"Global","ctmagent","ctmagent","10101","120","Controlm Agent","/homel/ctmagent","/bin/ksh"
"Global","ctmsara","ctmsara","119515","250","CTM Server Aragorn","/home/ctmsara","/bin/csh"
"Global","ctmscha","ctmscha","119516","250","CTM Server Charger","/home/ctmscha","/bin/csh"
"Global","ctmsdcd","ctmsdcd","119517","250","CTM Server Dcdb2","/home/ctmsdcd","/bin/csh"
"Global","ctmsrv70","ctmsrv70","120240","250","control-m server","/home/ctmsrv70","/bin/csh"
"Global","ctmsrv80","ctmsrv80","130178","250","Control M Version 8","/home/ctmsrv80","/bin/csh"
"Global","ctmsstr","ctmsstr","130117","250","","/home/ctmsstr","/bin/csh"
"Global","ctqadm","ctqadm","29017","501","SAP System Administrator","/homel/ctqadm","/bin/csh"
"Global","ctsa","ctsa","15243","120","","/home/ctsa","/bin/csh"
"Global","cwillia7","cwillia7","130016","120","Cheryl Williamson","/home/cwillia7","/usr/bin/ksh"
"Global","da_stant","da_stant","121335","120","David Stanton","/home/da_stant","/bin/bash"
"Global","daaadm","daaadm","120763","501","SAP System Administrator","/home/daaadm","/bin/csh"
"Global","dardep","dardep","130109","120","Patrick Darden","/home/dardep","/bin/bash"
"Global","dbadmin","dbadmin","230","","","",""
"Global","dcarr1","dcarr1","121700","120","Darren Carr (On Line Design Engineering)","/home/dcarr1","/bin/bash"
"Global","de0adm","de0adm","118732","501","SAP System Administrator","/homel/de0adm","/bin/csh"
"Global","de2adm","de2adm","118734","501","SAP System Administrator","/homel/de2adm","/bin/csh"
"Global","deqadm","deqadm","118679","501","SAP System Administrator","/homel/deqadm","/bin/csh"
"Global","deshpv","deshpv","130213","120","Virendra Deshpanda","/home/deshpv","/usr/bin/ksh"
"Global","dfdough","dfdough","6607","120","Domer Franklin Dougherty","/home/dfdough","/usr/bin/ksh"
"Global","di0adm","di0adm","119546","501","SAP System Administrator","/home/di0adm","/bin/csh"
"Global","di1adm","di1adm","97334","501","SAP System Administrator","/home/di1adm","/bin/csh"
"Global","di2adm","di2adm","119545","501","SAP System Administrator","/home/di2adm","/bin/csh"
"Global","di3adm","di3adm","119703","501","SAP System Administrator","/home/di3adm","/bin/csh"
"Global","di4adm","di4adm","119933","501","SAP System Administrator","/home/di4adm","/bin/csh"
"Global","di5adm","di5adm","119723","501","SAP System Administrator","/home/di5adm","/bin/csh"
"Global","di6adm","di6adm","119587","501","SAP System Administrator","/home/di6adm","/bin/csh"
"Global","di7adm","di7adm","119724","501","SAP System Administrator","/home/di7adm","/bin/csh"
"Global","di8adm","di8adm","119725","501","SAP System Administrator","/home/di8adm","/bin/csh"
"Global","di9adm","di9adm","120046","501","SAP System Administrator","/home/di9adm","/bin/csh"
"Global","diveldr","diveldr","121653","681","Dwight R Divelbiss","/home/diveldr","/usr/bin/ksh"
"Global","djones11","djones11","130017","120","Dean Jones","/home/djones11","/usr/bin/ksh"
"Global","dlpayne","dlpayne","238","702","DL Payne","/home/dlpayne","/bin/bash"
"Global","dmai","dmai","121422","120","Mai, Diem","/home/dmai","/usr/bin/ksh"
"Global","dmtarget","dmtarget","92306","120","Tobin Land Suite Data","/home/dmtarget","/usr/bin/ksh"
"Global","dp0adm","dp0adm","119831","501","SAP Diagnostic Agent","/home/dp0adm","/usr/bin/ksh"
"Global","dpbadm","dpbadm","119829","501","SAP Diagnostics Agent","/home/dpbadm","/usr/bin/ksh"
"Global","dpcadm","dpcadm","119828","501","SAP System Administrator","/home/dpcadm","/usr/bin/ksh"
"Global","dpdadm","dpdadm","119838","501","SAP Diagnostic Agent","/home/dpdadm","/usr/bin/ksh"
"Global","dpeadm","dpeadm","119836","501","SAP System Administrator","/home/dpeadm","/usr/bin/ksh"
"Global","dpfadm","dpfadm","119837","501","SAP System Administrator","/home/dpfadm","/usr/bin/ksh"
"Global","draft","draft","216644","120","Functional ID Mike Donaldson GIPA# 10632","/home/draft","/usr/bin/ksh"
"Global","drplann","drplann","24670","120","Disaster Recovery ID","/home/drplann","/usr/bin/ksh"
"Global","dstrobe","dstrobe","14269","120","Dave Strobel","/home/dstrobe","/bin/bash"
"Global","dufts","dufts","18636","204","GIPA(15249)EXP(22JAN2011) - Kevin Sadler,Jon Moore","/home/dufts","/bin/ksh"
"Global","dustinh","dustinh","119718","120","Dustin Humphries","/home/dustinh","/usr/bin/ksh"
"Global","duvaljm","duvaljm","120501","120","John Duvall","/home/duvaljm","/usr/bin/ksh"
"Global","dwibp","dwibp","92305","204","Data Whse IBP","/home/dwibp","/usr/bin/ksh"
"Global","dykems","dykems","130113","120","Sarah Dykema","/home/dykems","/bin/bash"
"Global","eaimgr","eaimgr","85964","85964","Enterprise Application Integration Mgr Acct","/home/eaimgr","/bin/bash"
"Global","eaitest","eaitest","93863","120","Test Egate ID Excptn 14264 Exps 20090709","/home/eaitest","/usr/bin/ksh"
"Global","eax023gd","eax023gd","121561","120","EAX GIS Development","/home/eax023gd","/usr/bin/ksh"
"Global","eax023gt","eax023gt","121562","120","EAX GIS Test","/home/eax023gt","/usr/bin/ksh"
"Global","eax023gu","eax023gu","121563","120","EAX GIS UAT","/home/eax023gu","/usr/bin/ksh"
"Global","eax437gd","eax437gd","120927","120","David Balli - TechArch","/home/eax437gd","/usr/bin/ksh"
"Global","eax437gt","eax437gt","120929","120","David Balli - TechArch","/home/eax437gt","/usr/bin/ksh"
"Global","eax437gu","eax437gu","130007","120","EAX GIS UAT 437","/home/eax437gu","/usr/bin/ksh"
"Global","eax437id","eax437id","121565","120","EAX Informatica Development","/home/eax437id","/usr/bin/ksh"
"Global","eax437it","eax437it","121566","120","EAX Informatica Test","/home/eax437it","/usr/bin/ksh"
"Global","eax437iu","eax437iu","121567","120","EAX Informatica UAT","/home/eax437iu","/usr/bin/ksh"
"Global","eax438gp","eax438gp","120931","120","David Balli - TechArch","/home/eax438gp","/usr/bin/ksh"
"Global","eax438ip","eax438ip","121564","120","EAX Informatica Production","/home/eax438ip","/usr/bin/ksh"
"Global","eax443gd","eax443gd","120946","120","EAX GIS Development 443","/home/eax443gd","/usr/bin/ksh"
"Global","eax443gs","eax443gs","130018","120","EAX GIS 443","/home/eax443gs","/usr/bin/ksh"
"Global","eax443gt","eax443gt","120948","120","EAX GIS Test 443","/home/eax443gt","/usr/bin/ksh"
"Global","eax443gu","eax443gu","130019","120","EAX GIS UAT 443","/home/eax443gu","/usr/bin/ksh"
"Global","eax444gd","eax444gd","120949","120","EAX GIS Development 444","/home/eax444gd","/usr/bin/ksh"
"Global","eax444gp","eax444gp","120950","120","eax444gp","/home/eax444gp","/usr/bin/ksh"
"Global","eax444gt","eax444gt","120951","120","EAX GIS TEST 444","/home/eax444gt","/usr/bin/ksh"
"Global","eax445gp","eax445gp","120953","120","Production EAI Ctrl","/home/eax445gp","/usr/bin/ksh"
"Global","eax446gp","eax446gp","120956","120","EAX GIS Production 446","/home/eax446gp","/usr/bin/ksh"
"Global","eax447gd","eax447gd","120958","120","","/home/eax447gd","/usr/bin/ksh"
"Global","eax447gt","eax447gt","120960","120","","/home/eax447gt","/usr/bin/ksh"
"Global","eax447gu","eax447gu","130036","120","","/home/eax447gu","/usr/bin/ksh"
"Global","eax447gz","eax447gz","130026","120","","/home/eax447gz","/usr/bin/ksh"
"Global","eax447pt","eax447pt","130066","120","","/home/eax447pt","/usr/bin/ksh"
"Global","eax447pu","eax447pu","130067","120","","/home/eax447pu","/usr/bin/ksh"
"Global","eax448pp","eax448pp","130049","120","","/home/eax448pp","/usr/bin/ksh"
"Global","eax450gd","eax450gd","120967","150","","/home/eax450gd","/bin/bash"
"Global","eax450gp","eax450gp","120968","120","EAX GIS Production 450","/home/eax450gp","/usr/bin/ksh"
"Global","eax450pd","eax450pd","130051","120","","/home/eax450pd","/usr/bin/ksh"
"Global","eax450ps","eax450ps","130050","120","","/home/eax450ps","/usr/bin/ksh"
"Global","eax450pt","eax450pt","130053","120","","/home/eax450pt","/usr/bin/ksh"
"Global","eax450pu","eax450pu","130054","120","","/home/eax450pu","/usr/bin/ksh"
"Global","eax450pz","eax450pz","130055","120","","/home/eax450pz","/usr/bin/ksh"
"Global","eax451gt","eax451gt","120972","150","EAX GIS Test 451","/home/eax451gt","/bin/bash"
"Global","eax452gd","eax452gd","120973","120","EAX GIS Development","/home/eax452gd","/usr/bin/ksh"
"Global","eax452gp","eax452gp","120772","120","","/home/eax452gp","/usr/bin/ksh"
"Global","eax452gt","eax452gt","120974","120","EAX GIS Test","/home/eax452gt","/usr/bin/ksh"
"Global","eax452gu","eax452gu","130008","120","EAX GIS UAT 452","/home/eax452gu","/usr/bin/ksh"
"Global","eax638gp","eax638gp","120986","150","EAX GIS Production 638","/home/eax638gp","/bin/bash"
"Global","eax639pd","eax639pd","130138","150","EAX SAP PI ID2 639","/home/eax639pd","/bin/bash"
"Global","eax639pq","eax639pq","130139","150","EAX SAP PI IDQ 639","/home/eax639pq","/bin/bash"
"Global","eax639pt","eax639pt","120997","150","EAX SAP PI IT2 639","/home/eax639pt","/bin/bash"
"Global","eax639pu","eax639pu","120998","150","EAX PI ITQ 639","/home/eax639pu","/bin/bash"
"Global","eax640gp","eax640gp","120767","150","EAX GIS Production","/home/eax640gp","/bin/bash"
"Global","eax640pp","eax640pp","120764","150","EAI PI PPI 640","/home/eax640pp","/bin/bash"
"Global","eax642gp","eax642gp","121012","150","EAX GIS Production 642","/home/eax642gp","/bin/bash"
"Global","eax642pt","eax642pt","121016","150","EAX SAP PI IT2 642","/home/eax642pt","/bin/bash"
"Global","eax645gd","eax645gd","130096","120","EAX GIS DEVELOPMENT 645","/home/eax645gd","/usr/bin/ksh"
"Global","eax645gp","eax645gp","130099","120","EAX GIS Production 645","/home/eax645gp","/usr/bin/ksh"
"Global","eax645gt","eax645gt","130097","120","EAX GIS Test 645","/home/eax645gt","/usr/bin/ksh"
"Global","eax645gu","eax645gu","130098","120","EAX GIS UAT 645","/home/eax645gu","/usr/bin/ksh"
"Global","eax646gu","eax646gu","130140","150","EAX GIS UAT 646","/home/eax646gu","/bin/bash"
"Global","ed2adm","ed2adm","19130","501","SAP System Administrator","/homel/ed2adm","/bin/csh"
"Global","ediadmi","ediadmi","46900","2400","EDI Admin ID","/edi/security","/usr/bin/ksh"
"Global","edidev","edidev","46753","2400","EDI Admin ID","/edi/edidev","/usr/bin/ksh"
"Global","ediprd","ediprd","46754","2400","EDI Admin ID","/edi/ediprd","/usr/bin/ksh"
"Global","editst","editst","46752","2400","EDI Admin ID","/edi/editst","/usr/bin/ksh"
"Global","edqadm","edqadm","118717","501","SAP System Administrator","/homel/edqadm","/bin/csh"
"Global","emuser70","emuser70","119802","120","Emuser70","/home/emuser70","/bin/csh"
"Global","emuser80","emuser80","130177","250","Em-user version 8","/home/emuser80","/usr/bin/ksh"
"Global","erabep","erabep","130150","120","","/home/erabep","/usr/bin/ksh"
"Global","esaadmin","esaadmin","811","0","","/var/esa","/usr/bin/ksh"
"Global","esrisde","esrisde","49520","120","Sde, ","/home/esrisde","/bin/csh"
"Global","ess","ess","15239","128","ESS ID","/home/ess","/bin/csh"
"Global","et2adm","et2adm","18208","501","SAP System Administrator","/homel/et2adm","/bin/csh"
"Global","etqadm","etqadm","28940","501","SAP System Administrator","/homel/etqadm","/bin/csh"
"Global","fastzt","fastzt","130225","120","Zach (P66) Fast","/home/fastzt","/bin/bash"
"Global","flexlm","flexlm","35783","190","Flex user","/usr/flexlm","/bin/bash"
"Global","freelr","freelr","130204","120","Ryan Freele","/home/freelr","/usr/bin/ksh"
"Global","friedrl","friedrl","130205","120","","/home/friedrl","/bin/bash"
"Global","ftpbw","ftpbw","19351","120","BW ftp ID - AEE #11491, expires 20070802","/home/ftpbw","/usr/bin/ksh"
"Global","ftpcoin","ftpcoin","130126","120","Aaron Galloway","/home/ftpcoin","/usr/bin/ksh"
"Global","ftpeai","ftpeai","15524","222","EAIFTP ID annual expire exception #958","/home/ftpeai","/usr/bin/ksh"
"Global","ftpoeu","ftpoeu","23471","220","Oracle Energy FTP ID","/home/ftpoeu","/bin/ksh"
"Global","ftpprice","ftpprice","95290","120","FTP Price ID","/home/ftpprice","/usr/bin/ksh"
"Global","ftpsap","ftpsap","34527","222","ID for ftp Jerry Anderson","/home/ftpsap","/bin/ksh"
"Global","ganaps","ganaps","120233","120","Sakthivel Ganapathy","/home/ganaps","/usr/bin/ksh"
"Global","gaosg","gaosg","121496","120","Stanley G Gao","/home/gaosg","/bin/bash"
"Global","gardc","gardc","120145","120","Chris Gard","/home/gardc","/bin/bash"
"Global","gd2adm","gd2adm","18071","501","SAP System Administrator","/home/gd2adm","/bin/csh"
"Global","gdqadm","gdqadm","118672","501","SAP System Administration","/home/gdqadm","/bin/csh"
"Global","genera66","genera66","121546","120","","/home/genera66","/bin/bash"
"Global","geoffrm","geoffrm","121428","120","Geoff Mills","/home/geoffrm","/bin/bash"
"Global","gerlarg","gerlarg","121581","120","Robbie Gerlach","/home/gerlarg","/usr/bin/ksh"
"Global","glickg","glickg","120737","120","Gary Glick (Accenture)","/home/glickg","/usr/bin/ksh"
"Global","gmwrigh","gmwrigh","46151","120","Ginger McCullough Ticket 4895262","/home/gmwrigh","/usr/bin/ksh"
"Global","gochnaa","gochnaa","130194","120","","/home/gochnaa","/bin/bash"
"Global","grdavis","grdavis","1306","128","Glenn R Davis","/home/grdavis","/usr/bin/ksh"
"Global","grimea","grimea","119121","120","Andrew Grimes","/home/grimea","/bin/bash"
"Global","gstadm01","gstadm01","555555","120","","/home/gstadm01","/bin/bash"
"Global","gstadm02","gstadm02","555556","120","","/home/gstadm02","/bin/bash"
"Global","gt2adm","gt2adm","18999","501","SAP System Administrator","/home/gt2adm","/bin/csh"
"Global","gtpadm","gtpadm","16302","501","SAP System Administrator","/home/gtpadm","/bin/csh"
"Global","gtqadm","gtqadm","19001","501","SAP System Administrator","/home/gtqadm","/bin/csh"
"Global","gudalsk","gudalsk","120327","120","Santosh K Gudala","/home/gudalsk","/usr/bin/ksh"
"Global","gujjar","gujjar","94256","120","Rajeev Gujjarlapudi","/home/gujjar","/usr/bin/ksh"
"Global","gullek","gullek","130062","120","Konlyn Gulledge(Key Personnel)","/home/gullek","/bin/bash"
"Global","guptah","guptah","99887771","120","Harish Gupta (SAP America, Inc.)","/home/guptah","/usr/bin/ksh"
"Global","harihg","harihg","121132","500","Gopal Hariharan","/home/harihg","/usr/bin/ksh"
"Global","harnedl","harnedl","130200","120","","/home/harnedl","/bin/bash"
"Global","hartzta","hartzta","130125","702","Tyler Hartzell","/home/hartzta","/bin/bash"
"Global","harwodj","harwodj","121521","120","David J (First Recruitment Group) Harwood","/home/harwodj","/usr/bin/ksh"
"Global","herrelg","herrelg","130127","120","","/home/herrelg","/usr/bin/ksh"
"Global","hfa","hfa","1315","120","Horward Armstrong(GIPA)","/home/hfa","/bin/bash"
"Global","hillej","hillej","118763","120","Juergen Hille","/home/hillej","/usr/bin/ksh"
"Global","hoganjg","hoganjg","121560","120","Joe G Hogan","/home/hoganjg","/bin/ksh"
"Global","hpsmh","hpsmh","239","15871","","/opt/hp/hpsmh","/sbin/nologin"
"Global","id2adm","id2adm","18525","501","SAP System Administrator","/home/id2adm","/bin/csh"
"Global","idm","idm","1021","","","",""
"Global","idmadmin","idmadmin","130118","1021","Identity Management","/home/idmadmin","/usr/bin/ksh"
"Global","idqadm","idqadm","118706","501","SAP System Administrator","/home/idqadm","/bin/csh"
"Global","ihuxley","ihuxley","130201","120","Huxley, Ian S","/home/ihuxley","/usr/bin/ksh"
"Global","imnadm","imnadm","188","205","","/home/imnadm","/usr/bin/ksh"
"Global","infaftp","infaftp","94396","853","Informatica budgets ftp id exception #880","/home/infaftp","/usr/bin/ksh"
"Global","isbadm","isbadm","117057","501","SAP System Administrator","/home/ISBadm","/bin/csh"
"Global","ismftp","ismftp","19999","128","ESS ftp GIPA #11985","/home/ess/ftpdat","/bin/ksh"
"Global","it2adm","it2adm","18530","501","SAP System Administrator","/homel/it2adm","/bin/csh"
"Global","itqadm","itqadm","18546","501","SAP System Administrator","/homel/itqadm","/bin/csh"
"Global","ittadm","ittadm","121167","501","SAP System Administrator","/home/ittadm","/bin/csh"
"Global","j_passm","j_passm","121404","120","Josh Passmore","/home/j_passm","/bin/bash"
"Global","ja_hill","ja_hill","121336","120","Jeremy Hill","/home/ja_hill","/bin/bash"
"Global","jainn","jainn","58274","58275","","/home/jainn","/bin/bash"
"Global","jaredlg","jaredlg","130028","120","Jared L Graham","/home/jaredlg","/bin/bash"
"Global","jdlynn","jdlynn","7451","120","Jim Lynn","/home/jdlynn","/bin/bash"
"Global","jdougl","jdougl","81507","120","Jack Douglas","/home/jdougl","/usr/bin/ksh"
"Global","jdsmith","jdsmith","1248","500","John D Smith","/home/jdsmith","/usr/bin/ksh"
"Global","jdthoma","jdthoma","7704","120","Joe Thomas Ticket 4895262","/home/jdthoma","/usr/bin/ksh"
"Global","je_boyet","je_boyet","121338","120","Jonathan Boyett","/home/je_boyet","/bin/bash"
"Global","jeremah","jeremah","119658","120","Jeremy Hill","/home/jeremah","/bin/bash"
"Global","jfedder","jfedder","121771","120","Jan Feddersen","/home/jfedder","/usr/bin/ksh"
"Global","jmannin","jmannin","121600","120","Jeremy Manning","/home/jmannin","/bin/ksh"
"Global","jsbrazd","jsbrazd","44097","120","Janet S Brazda","/home/jsbrazd","/usr/bin/ksh"
"Global","jwhite11","jwhite11","121463","120","White Jim","/home/jwhite11","/usr/bin/ksh"
"Global","kandhs","kandhs","130223","230","Kandhari Sumeer","/home/kandhs","/usr/bin/ksh"
"Global","kaylaw","kaylaw","130227","120","Kayla (P66) Wilson","/home/kaylaw","/bin/bash"
"Global","kbwadm","kbwadm","130047","501","SAP BW System ID","/homel/kbwadm","/usr/bin/csh"
"Global","kdkuehl","kdkuehl","7783","702","Kent Kuehler","/home/kdkuehl","/bin/bash"
"Global","keeslm","keeslm","28773","120","Mark Keesling","/home/keeslm","/bin/bash"
"Global","ketchg","ketchg","121510","120","Greg Ketchum","/home/ketchg","/bin/bash"
"Global","kirklms","kirklms","120206","120","Mike Kirkland","/home/kirklms","/usr/bin/ksh"
"Global","komacr","komacr","116435","120","Rudy Komacsar","/home/komacr","/bin/sh"
"Global","kondarr","kondarr","115316","681","Ramesh Reddy Konda","/home/kondarr","/usr/bin/ksh"
"Global","lakerdm","lakerdm","130124","120","Davis Laker","/home/lakerdm","/bin/bash"
"Global","layoung","layoung","38324","120","Lee Young","/home/layoung","/usr/bin/ksh"
"Global","ld2adm","ld2adm","119144","501","LiveCache Admin ID","/homel/ld2adm","/usr/bin/ksh"
"Global","ldqadm","ldqadm","118882","501","LiveCache Admin ID","/home/ldqadm","/usr/bin/ksh"
"Global","lebaks","lebaks","121215","120","Lebaka, Sowjanya","/home/lebaks","/usr/bin/ksh"
"Global","lim","lim","130100","150","LIM","/apps/lim","/bin/bash"
"Global","limampvm","limampvm","115453","150","LIM PVM","/apps/others/limampvm","/bin/bash"
"Global","limaux","limaux","130135","150","LIM AUX","/apps/limaux","/bin/bash"
"Global","limdnstr","limdnstr","116197","150","LIM DNSTR","/apps/others/limdnstr","/bin/bash"
"Global","limftp","limftp","16291","150","LIM FTP","/apps/others/limftp","/bin/bash"
"Global","limih","limih","130095","150","LIM IH","/apps/limih","/bin/bash"
"Global","limopgrs","limopgrs","16229","150","LIM OPIS Gross","/apps/limopgrs","/bin/bash"
"Global","limopis","limopis","130134","150","LIM OPIS","/apps/limopis","/bin/bash"
"Global","limopnet","limopnet","16230","150","LIM OPNET","/apps/limopnet","/bin/bash"
"Global","limplatt","limplatt","17788","150","LIM PLATT","/apps/limplatt","/bin/bash"
"Global","limprod","limprod","96766","150","LIM Production","/apps/others/limprod","/bin/bash"
"Global","limpub","limpub","96760","150","LIM Publisher","/apps/limpub","/bin/bash"
"Global","limread","limread","116160","150","LIM Read","/apps/others/limread","/bin/bash"
"Global","limwsm","limwsm","115262","150","LIM WSM","/apps/limwsm","/bin/bash"
"Global","llautobw","llautobw","97051","120","","/home/llautobw","/usr/bin/ksh"
"Global","lledms","lledms","16565","120","Livelink EDMS functional ID GIPA 14817","/home/lledms","/usr/bin/ksh"
"Global","longld","longld","24553","120","Lori D. (P66) Sturgeon","/home/longld","/bin/bash"
"Global","lopsuser","lopsuser","19374","120","LOPS Functional ID","/home/lopsuser","/usr/bin/ksh"
"Global","lpd","lpd","44187","-2","","/",""
"Global","lrmoser","lrmoser","8158","500","Cindy Moser","/home/lrmoser","/usr/bin/ksh"
"Global","lt2adm","lt2adm","23230","501","LiveCache Admin ID","/home/lt2adm","/usr/bin/ksh"
"Global","ltqadm","ltqadm","28943","501","LiveCache Admin ID","/home/ltqadm","/usr/bin/ksh"
"Global","luci","luci","141","141","luci high availability management application","/var/lib/luci","/sbin/nologin"
"Global","lvmadm","lvmadm","130105","501","SAP System Administrator","/home/lvmadm","/bin/csh"
"Global","maidei","maidei","130221","681","Imthiaz Ahmed Maideen","/home/maidei","/usr/bin/ksh"
"Global","makthv","makthv","120705","500","Vamsi Krishna Makthal","/home/makthv","/usr/bin/ksh"
"Global","malabw","malabw","93755","120","Wes Malaby","/home/malabw","/bin/bash"
"Global","mastedr","mastedr","15383","120","Don Masters","/home/mastedr","/usr/bin/ksh"
"Global","mckinms","mckinms","21996","120","Mark S McKinney","/home/mckinms","/usr/bin/ksh"
"Global","mcmahb","mcmahb","121517","120","Barbara McMahon","/home/mcmahb","/usr/bin/ksh"
"Global","mcnels","mcnels","121374","120","Shannon McNelley","/home/mcnels","/bin/bash"
"Global","mctynda","mctynda","21654","500","Michael Tyndall","/home/mctynda","/usr/bin/ksh"
"Global","md2adm","md2adm","119103","501","SAP System Administrator","/home/md2adm","/usr/bin/bash"
"Global","mdqadm","mdqadm","118674","501","SAP System Administrator","/home/mdqadm","/usr/bin/bash"
"Global","meadj","meadj","130006","120","Jack Mead","/home/meadj","/usr/bin/ksh"
"Global","mebert","mebert","120146","120","Matt Ebert","/home/mebert","/bin/bash"
"Global","mestemj","mestemj","130070","120","Michael.J.Mester","/home/mestemj","/usr/bin/ksh"
"Global","mfedbs","mfedbs","120463","15871","McAfee Sensor","/opt/mfedbs.sensor","/usr/bin/sh"
"Global","mlleona","mlleona","25810","120","Mickey Leonard Ticket 4895262","/home/mlleona","/usr/bin/ksh"
"Global","monitor","monitor","116554","120","Monitor","/usr/monitor","/bin/bash"
"Global","morimdj","morimdj","99887766","120","QIM test user morimdj","/home/morimdj","/bin/bash"
"Global","msmith19","msmith19","121607","500","Malcolm (List Recruitment, Ltd. (UK)) Smith","/home/msmith19","/usr/bin/ksh"
"Global","msumme","msumme","130224","120","Matthew Summers","/home/msumme","/usr/bin/ksh"
"Global","mt2adm","mt2adm","117021","501","SAP System Administrator","/homel/mt2adm","/usr/bin/bash"
"Global","mtqadm","mtqadm","117020","501","SAP System Administrator","/homel/mtqadm","/usr/bin/bash"
"Global","munyomj","munyomj","130203","120","Mark Munyon","/home/munyomj","/usr/bin/ksh"
"Global","mxxadm","mxxadm","130133","501","SAP Admin Account","/homel/mxxadm","/bin/csh"
"Global","nagios","nagios","130010","130011","Nagios Service Account","/home/nagios","/bin/ksh"
"Global","nasha1","nasha1","121185","120","Ace Nash","/home/nasha1","/bin/csh"
"Global","netcool","netcool","89824","3029","Netcool User","/home/netcool","/bin/bash"
"Global","nivera","nivera","120236","120","Archana Niverthi","/home/nivera","/bin/ksh"
"Global","nlarry","nlarry","130107","500","Larry Nix(Verity Services LLC)","/home/nlarry","/usr/bin/ksh"
"Global","nshetty","nshetty","120613","120","Nikin Shetty","/home/nshetty","/usr/bin/ksh"
"Global","nsslogs","nsslogs","120743","690","NSS Logs","/home/nsslogs","/bin/bash"
"Global","odomrj","odomrj","22400","120","Robert Odom","/home/odomrj","/usr/bin/ksh"
"Global","oraad2","oraad2","119147","500","SAP Database Administrator","/oracle/AD2","/bin/csh"
"Global","oraadq","oraadq","118744","500","SAP Database Administrator","/oracle/ADQ","/bin/csh"
"Global","oraat2","oraat2","118354","500","SAP Database Administrator","/oracle/AT2","/bin/csh"
"Global","oraatq","oraatq","116578","500","SAP Database Administrator","/oracle/ATQ","/bin/csh"
"Global","orabd2","orabd2","19362","500","SAP Database Administrator","/oracle/BD2","/usr/bin/csh"
"Global","orabdq","orabdq","118817","500","SAP Database Administrator","/oracle/BDQ","/bin/csh"
"Global","orabt2","orabt2","19364","500","SAP Database Administrator","/oracle/BT2","/bin/csh"
"Global","orabtq","orabtq","18618","500","SAP Database Administrator","/oracle/BTQ","/bin/csh"
"Global","oracd2","oracd2","18459","500","SAP Database Administrator","/oracle/CD2","/bin/csh"
"Global","oracdq","oracdq","118880","500","SAP Database Administrator","/oracle/CDQ","/bin/csh"
"Global","oracle","oracle","5000","500","Oracle DBA ID","/usr/oracle","/usr/bin/ksh"
"Global","oract2","oract2","18465","500","SAP Database Administrator","/oracle/CT2","/bin/csh"
"Global","oractq","oractq","29002","500","SAP Database Administrator","/oracle/CTQ","/bin/csh"
"Global","orade0","orade0","118731","500","SAP Database Administrator","/oracle/DE0","/bin/csh"
"Global","orade2","orade2","118733","500","SAP Database Administrator","/oracle/DE2","/bin/csh"
"Global","oradef","oradef","207","1","","/home/oradef","/usr/bin/ksh"
"Global","oradeq","oradeq","118678","500","SAP Database Administrator","/oracle/DEQ","/bin/csh"
"Global","oraed2","oraed2","19133","500","SAP Database Administrator","/oracle/ED2","/bin/csh"
"Global","oraedq","oraedq","118718","500","SAP Database Administrator","/oracle/EDQ","/bin/csh"
"Global","oraet2","oraet2","18209","500","SAP Database Administrator","/oracle/ET2","/bin/csh"
"Global","oraetq","oraetq","28959","500","SAP Database Administrator","/oracle/ETQ","/bin/csh"
"Global","oragd2","oragd2","18072","500","SAP Database Administrator","/oracle/GD2","/bin/csh"
"Global","oragdq","oragdq","118673","500","SAP Database Administration","/oracle/GDQ","/bin/csh"
"Global","oragt2","oragt2","19000","500","SAP Database Administrator","/oracle/GT2","/bin/csh"
"Global","oragtp","oragtp","16308","500","SAP Database Administrator","/oracle/GTP","/bin/csh"
"Global","oragtq","oragtq","19002","500","SAP Database Administrator","/oracle/GTQ","/bin/csh"
"Global","oraid2","oraid2","18529","500","SAP Database Administrator","/oracle/ID2","/bin/csh"
"Global","oraidq","oraidq","118707","500","SAP Database Administrator","/oracle/IDQ","/bin/csh"
"Global","oraisb","oraisb","117058","500","SAP Database Administrator","/oracle/ISB","/bin/csh"
"Global","orait2","orait2","18532","500","SAP Database Administrator","/oracle/IT2","/bin/csh"
"Global","oraitq","oraitq","18547","500","SAP Database Administrator","/oracle/ITQ","/bin/csh"
"Global","oraitt","oraitt","121169","500","SAP Database Administrator","/oracle/ITT","/usr/bin/csh"
"Global","orakbw","orakbw","130046","500","SAP BW System ID","/oracle/KBW","/usr/bin/csh"
"Global","oralvl0","oralvl0","5500","jdsmith","","",""
"Global","oralvl1","oralvl1","5501","bohansk,jdsmith,mctynda,paladsk,seideng,sfduesi,whit10,msmith19,nlarry","","",""
"Global","oralvl2","oralvl2","5502","bohansk,jdsmith,mctynda,paladsk,raghur,seideng,sfduesi,whit10,msmith19,nlarry","","",""
"Global","oralvl3","oralvl3","5503","bohansk,jdsmith,makthv,mctynda,paladsk,raghur,seideng,sfduesi,whit10,msmith19,nlarry","","",""
"Global","oralvl4","oralvl4","5504","bohansk,nlarry","","",""
"Global","oralvm","oralvm","130104","500","SAP Database Administrator","/oracle/LVM","/bin/csh"
"Global","oramd2","oramd2","119104","500","MDM Database ID","/oracle/MD2","/bin/csh"
"Global","oramdq","oramdq","118675","500","MDM Oracle Account","/oracle/MDQ","/bin/csh"
"Global","oramt2","oramt2","28244","500","MDM Database Administration","/oracle/MT2","/bin/csh"
"Global","oramtq","oramtq","28259","500","MDM Database Administration","/oracle/MTQ","/bin/csh"
"Global","oramxx","oramxx","130090","500","SAP DB Admin","/oracle/MXX","/bin/csh"
"Global","orapac","orapac","118043","500","SAP Database Administrator","/oracle/PAC","/bin/csh"
"Global","orapbw","orapbw","17832","500","SAP Database Administrator","/oracle/PBW","/bin/csh"
"Global","orapcm","orapcm","18523","500","SAP Database Administrator","/oracle/PCM","/bin/csh"
"Global","orapd2","orapd2","18159","500","SAP Database Administrator","/oracle/PD2","/bin/csh"
"Global","orapdq","orapdq","118815","500","SAP Database Administrator","/oracle/PDQ","/bin/csh"
"Global","orapep","orapep","18008","500","SAP Database Administrator","/oracle/PEP","/bin/csh"
"Global","orapgw","orapgw","130059","500","SAP Database Administrator","/oracle/PGW","/bin/csh"
"Global","orapmd","orapmd","116092","500","MDS Oracle Account","/oracle/PMD","/bin/csh"
"Global","orappi","orappi","18534","500","SAP Database Administrator","/oracle/PPI","/bin/csh"
"Global","oraprd","oraprd","3206","500","SAP Database Administrator","/oracle/PRD","/bin/csh"
"Global","oraprm","oraprm","120275","500","SAP Database Administration","/oracle/PRM","/bin/csh"
"Global","oraps2","oraps2","17985","500","SAP Database Administrator","/oracle/PS2","/bin/csh"
"Global","orapt2","orapt2","116168","500","SAP Database Admin","/oracle/PT2","/bin/csh"
"Global","oraptq","oraptq","28385","500","SAP Database Administrator","/oracle/PTQ","/bin/csh"
"Global","orapxx","orapxx","130106","500","SAP Database Admin","/oracle/PXX","/bin/csh"
"Global","orasbw","orasbw","18979","500","SAP BW System Id","/oracle/SBW","/usr/bin/csh"
"Global","orasp1","orasp1","117013","500","SAP Database Administrator","/oracle/SP1","/bin/csh"
"Global","orasrp","orasrp","18416","500","SAP Database Administrator","/oracle/SRP","/bin/csh"
"Global","oratep","oratep","120771","500","SAP Database Administrator","/oracle/TEP","/bin/csh"
"Global","orats2","orats2","20201","500","SAP Database Administrator","/oracle/TS2","/bin/csh"
"Global","oratsq","oratsq","52863","500","SAP Database Administrator","/oracle/TSQ","/bin/csh"
"Global","oratst","oratst","120734","500","SAP Database Administrator","/oracle/TST","/bin/csh"
"Global","oratxx","oratxx","130031","500","SAP Database Admin","/oracle/TXX","/bin/csh"
"Global","orawd2","orawd2","130042","500","SAP Database Administrator","/oracle/WD2","/bin/csh"
"Global","orawdq","orawdq","130038","500","SAP Database Administrator","/oracle/WDQ","/bin/csh"
"Global","orawt2","orawt2","130044","500","SAP Database Administrator","/oracle/WT2","/bin/csh"
"Global","orawtq","orawtq","130040","500","SAP Database Administrator","/oracle/WTQ","/bin/csh"
"Global","p66wbmig","p66wbmig","120746","150","Webmigrate","/home/p66wbmig","/bin/bash"
"Global","pacadm","pacadm","118042","501","SAP System Administrator","/homel/pacadm","/bin/csh"
"Global","paidsv","paidsv","120544","120","Vijay Paidsetty","/home/paidsv","/usr/bin/ksh"
"Global","paintew","paintew","15749","120","Gene Painter","/home/paintew","/usr/bin/ksh"
"Global","paladsk","paladsk","120441","500","Sai Paladugula","/home/paladsk","/usr/bin/ksh"
"Global","panigs","panigs","120234","120","Sovon Panigrahi","/home/panigs","/bin/ksh"
"Global","passmj","passmj","121382","120","Josh Passmore","/home/passmj","/bin/bash"
"Global","patrol","patrol","15311","560","Patrol monitoring software","/usr/dbtools/patrol","/usr/bin/ksh"
"Global","pbwadm","pbwadm","17861","501","SAP System Administrator","/home/pbwadm","/bin/csh"
"Global","pbwpntr","pbwpntr","80051","120","PBW Printer FTP ID - ann. exp. exc #11491 20070910","/home/pbwpntr","/bin/ksh"
"Global","pcmadm","pcmadm","18522","501","SAP System Administrator","/homel/pcmadm","/bin/csh"
"Global","pd2adm","pd2adm","18156","501","SAP System Administrator","/homel/pd2adm","/bin/csh"
"Global","pdqadm","pdqadm","118814","501","SAP System Administrator","/homel/pdqadm","/bin/csh"
"Global","pepadm","pepadm","18007","501","SAP System Administrator","/homel/pepadm","/bin/csh"
"Global","periar","periar","121655","120","Rathnakumar Periasamy","/home/periar","/usr/bin/ksh"
"Global","petroma","petroma","98949","438","Kevin Brackett and Butch Cross","/home/petroma","/bin/ksh"
"Global","pgwadm","pgwadm","130058","501","SAP System Administrator","/homel/pgwadm","/bin/csh"
"Global","phelpld","phelpld","5299","120","Larry D. (P66) Phelps","/home/phelpld","/bin/bash"
"Global","pidgewj","pidgewj","130209","120","","/home/pidgewj","/bin/bash"
"Global","plcadm","plcadm","28538","501","LiveCache Admin ID","/home/plcadm","/usr/bin/ksh"
"Global","pmdadm","pmdadm","116091","501","SAP System Administrator","/homel/pmdadm","/usr/bin/bash"
"Global","pmrepo","pmrepo","59975","120","Informatica ID - aep exception 10427 20061123","/home/pmrepo","/usr/bin/ksh"
"Global","ppiadm","ppiadm","18533","501","SAP System Administrator","/homel/ppiadm","/bin/csh"
"Global","ppss","ppss","116499","4882","PROS Unix Account - Butch Cross","/home/ppss","/bin/ksh"
"Global","ppssm","ppssm","118390","4882","PROS Unix Account - Butch Cross","/home/ppssm","/usr/bin/ksh"
"Global","ppsst","ppsst","118860","4882","PPSST","/home/ppsst","/bin/ksh"
"Global","prdadm","prdadm","3207","501","SAP System Administrator","/homel/prdadm","/bin/csh"
"Global","prdctrl","prdctrl","5033","120","","/home/prdctrl","/usr/bin/ksh"
"Global","pricqa","pricqa","118981","150","Pricing QA System","/home/pricqa","/bin/bash"
"Global","prmadm","prmadm","120276","501","SAP System Administration","/home/prmadm","/bin/csh"
"Global","prodbw","prodbw","76701","222","BW Production Cntrl","/home/prodbw","/bin/ksh"
"Global","prodeai","prodeai","85963","2102","Prodeai","/home/prodeai","/bin/bash"
"Global","prodoeu","prodoeu","12322","203","ControlM Account for OE","/home/prodoeu","/bin/ksh"
"Global","prodsap","prodsap","11121","222","Production Control ID","/homel/prodsap","/usr/bin/ksh"
"Global","ps2adm","ps2adm","17983","501","SAP System Administration","/homel/ps2adm","/bin/csh"
"Global","pt2adm","pt2adm","116169","501","SAP Sysadmin Account","/homel/pt2adm","/bin/csh"
"Global","pteegav","pteegav","130214","120","Prabhakar Teegavarapu","/home/pteegav","/usr/bin/ksh"
"Global","ptqadm","ptqadm","28369","501","SAP Sysadmin Account","/home/ptqadm","/bin/csh"
"Global","putpar","putpar","120742","120","Rakesh Putpak","/home/putpar","/usr/bin/ksh"
"Global","qemu","qemu","107","107","qemu user","/","/sbin/nologin"
"Global","radhaa","radhaa","130207","120","Anu Radha","/home/radhaa","/usr/bin/ksh"
"Global","raghur","raghur","120590","500","Raghunath Reddy","/home/raghur","/usr/bin/ksh"
"Global","rahaine","rahaine","9263","120","Rick Haines Ticket 4895262","/home/rahaine","/usr/bin/ksh"
"Global","rajaa","rajaa","130199","120","Raja, Arunkumar (Larsen Toubro Infotech Ltd.)","/home/rajaa","/usr/bin/ksh"
"Global","ramsep","ramsep","115447","120","Paul Ramsey","/home/ramsep","/usr/bin/ksh"
"Global","rasaccess","rasaccess","506","502","","/home/rasaccess","/bin/bash"
"Global","rcrowe","rcrowe","119687","120","Rodney Crowe","/home/rcrowe","/usr/bin/ksh"
"Global","regulh","regulh","120545","120","Haribabu Regula","/home/regulh","/usr/bin/ksh"
"Global","remedy","remedy","36050","120","","/home/remedy","/bin/ksh"
"Global","remedyrb","remedyrb","121186","1","Remedy Service account","/home/remedyrb","/usr/bin/ksh"
"Global","replicator","replicator","505","555","","/home/replicator","/bin/bash"
"Global","rhnutil","rhnutil","119987","10","Red Hat Network Utility","/home/rhnutil","/bin/bash"
"Global","ricci","ricci","140","140","ricci daemon user","/var/lib/ricci","/sbin/nologin"
"Global","rmebwftp","rmebwftp","119185","120","RME BW FTP","/home/rmebwftp","/usr/bin/ksh"
"Global","roepems","roepems","120138","120","Mark Roepel","/home/roepems","/usr/bin/ksh"
"Global","s_dykem","s_dykem","58275","58276","","/home/s_dykem","/bin/bash"
"Global","s_mcnel","s_mcnel","121403","120","Shannon McNelley","/home/s_mcnel","/bin/bash"
"Global","sadasb","sadasb","130196","120","","/home/sadasb","/usr/bin/ksh"
"Global","sallet","sallet","121427","120","Todd Sallee","/home/sallet","/bin/bash"
"Global","sammeb","sammeb","120683","120","Baba Sammeta (SpringPoint Technologies)","/home/sammeb","/usr/bin/ksh"
"Global","sapadm","sapadm","118698","501","SAP System Administrator","/home/sapadm","/bin/csh"
"Global","sapcntl","sapcntl","33490","120","SAP Transmit GIPA Exception 13663 5/1/07","/home/sapcntl","/usr/bin/ksh"
"Global","sbrown12","sbrown12","130156","120","","/home/sbrown12","/bin/bash"
"Global","sbwadm","sbwadm","18962","501","SAP BW System Id","/homel/sbwadm","/usr/bin/csh"
"Global","sched","sched","18641","201","GIPA(15249)EXP(22JAN2011) - Kevin Sadler,Jon Moore","/home/sched","/bin/ksh"
"Global","schick","schick","130184","120","Sebastian Schick","/home/schick","/usr/bin/ksh"
"Global","schlul","schlul","130183","120","Laura Schluchtmann","/home/schlul","/usr/bin/ksh"
"Global","schp10","schp10","121630","120","Phil (P66) Schofield","/home/schp10","/bin/bash"
"Global","schultr","schultr","130226","120","Rebekah (P66) Leonard","/home/schultr","/bin/bash"
"Global","seideng","seideng","120085","500","Nila Seidel","/home/seideng","/usr/bin/ksh"
"Global","sekarm","sekarm","120235","681","Muthukumar Sekar","/home/sekarm","/usr/bin/ksh"
"Global","sfduesi","sfduesi","9675","500","Steven Duesi","/home/sfduesi","/usr/bin/ksh"
"Global","sierram","sierram","130132","120","Sierra Martin","/home/sierram","/usr/bin/ksh"
"Global","sirkim","sirkim","130115","120","Matt Sirkis","/home/sirkim","/bin/bash"
"Global","smdadm","smdadm","117079","501","SMD Agent","/home/smdadm","/bin/csh"
"Global","sotot","sotot","130180","120","Trey Soto","/home/sotot","/bin/bash"
"Global","source","source","15864","55556","","/home/source","/bin/bash"
"Global","sp1adm","sp1adm","117012","501","SAP System Administrator","/homel/sp1adm","/bin/csh"
"Global","splunk","splunk","58272","15871","Splunk Server","/opt/splunk","/bin/bash"
"Global","splunktransfers","splunktransfers","58273","58273","","/home/splunktransfers","/bin/bash"
"Global","sprufer","sprufer","69749","120","Shawn P Prufer","/home/sprufer","/bin/bash"
"Global","sqdld2","sqdld2","119145","501","LiveCache Admin ID","/home/sqdld2","/usr/bin/ksh"
"Global","sqdldq","sqdldq","118881","501","LiveCache Admin ID","/home/sqdldq","/usr/bin/ksh"
"Global","sqdlt2","sqdlt2","23227","501","LiveCache Admin ID","/home/sqdlt2","/usr/bin/ksh"
"Global","sqdltq","sqdltq","28926","501","LiveCache Admin ID","/home/sqdltq","/usr/bin/ksh"
"Global","sqdplc","sqdplc","28519","501","LiveCache Admin ID","/home/sqdplc","/usr/bin/ksh"
"Global","srcruce","srcruce","30700","120","Steve Cruce","/home/srcruce","/usr/bin/ksh"
"Global","srpadm","srpadm","18415","501","SAP System Administrator","/homel/srpadm","/bin/csh"
"Global","srsadm","srsadm","130120","120","SRS Admin Account (Rodney Crowe)","/home/srsadm","/usr/bin/ksh"
"Global","srshtadm","srshtadm","130202","120","SRS Heterogeneous Admin ID","/home/srshtadm","/usr/bin/ksh"
"Global","sservic","sservic","9662","120","Security Services","/home/sservic","/usr/bin/ksh"
"Global","stantda","stantda","119657","120","David Stanton","/home/stantda","/bin/bash"
"Global","stapdev","stapdev","158","","","",""
"Global","stapsys","stapsys","157","","","",""
"Global","stapusr","stapusr","156","","","",""
"Global","stevesm","stevesm","120719","120","Scott M Stevenson","/home/stevesm","/bin/bash"
"Global","stewagj","stewagj","130123","500","Gabe Stewart","/home/stewagj","/usr/bin/ksh"
"Global","storldap","storldap","130179","702","","/home/storldap","/bin/bash"
"Global","strawdz","strawdz","130145","120","Dustin Z Straw","/home/strawdz","/usr/bin/ksh"
"Global","stumpb","stumpb","121321","702","","/home/stumpb","/bin/bash"
"Global","survem","survem","120326","120","Madhavi Surve","/home/survem","/usr/bin/ksh"
"Global","svempal","svempal","130210","120","Swathipriya Vempali (SpringPoint Technologies)","/home/svempal","/usr/bin/ksh"
"Global","swapamr","swapamr","130168","120","Melba Swapana","/home/swapamr","/usr/bin/ksh"
"Global","sybmgr","sybmgr","602","601","GIPA(15249)EXP(22JAN2011) - Kevin Sadler,Jon Moore","/home/sybmgr","/bin/ksh"
"Global","syeds","syeds","120681","120","Salman Syed (SpringPoint Technologies)","/home/syeds","/usr/bin/ksh"
"Global","szelajt","szelajt","121402","230","John T Szela","/home/szelajt","/usr/bin/ksh"
"Global","tamilm","tamilm","121263","120","Tamilselvan","/home/tamilm","/usr/bin/ksh"
"Global","taxware","taxware","13456","2200","Taxware Account","/homel/taxware","/usr/bin/ksh"
"Global","teoa","teoa","130218","120","Alan (P66) Teo","/home/teoa","/bin/bash"
"Global","tepadm","tepadm","120770","501","SAP System Administrator","/home/tepadm","/bin/csh"
"Global","teschp","teschp","130121","120","Patrick Teschke","/home/teschp","/usr/bin/ksh"
"Global","thornjm","thornjm","28093","120","Jennette M Thornton","/home/thornjm","/usr/bin/ksh"
"Global","truonm","truonm","121468","1","Truong, Kevin","/home/truonm","/usr/bin/ksh"
"Global","truonmd","truonmd","130164","230","Truong, Minh D","/home/truonmd","/usr/bin/ksh"
"Global","ts2adm","ts2adm","20200","501","SAP System Administrator","/homel/ts2adm","/bin/csh"
"Global","tsqadm","tsqadm","52862","501","SAP System Administrator","/homel/tsqadm","/bin/csh"
"Global","tstadm","tstadm","120735","501","SAP System Administrator","/homel/tstadm","/bin/csh"
"Global","txxadm","txxadm","130032","501","SAP Sysadmin","/homel/txxadm","/bin/csh"
"Global","unlubsap","unlubsap","130085","120","","/home/unlubsap","/usr/bin/ksh"
"Global","user66","user66","120","bohansk,jdsmith,makthv,mctynda,paladsk,raghur,seideng,sfduesi,whit10,msmith19,nlarry","","",""
"Global","ustadmin","ustadmin","5278","monitor,ashank,bowerl,glickg,harwodj,kirklms,roepems,sammeb,syeds,svempal","","",""
"Global","vakads","vakads","120741","120","Siva Prasad Reddy Vakada","/home/vakads","/usr/bin/ksh"
"Global","vkamise","vkamise","121858","120","Vamsi Kamisetty","/home/vkamise","/usr/bin/ksh"
"Global","vrs1","vrs1","80634","120","VRS ID login GIPA #10445","/home/vrs1","/usr/bin/ksh"
"Global","watp10","watp10","17238","120","Peter Watson","/home/watp10","/usr/bin/ksh"
"Global","wd2adm","wd2adm","130041","501","SAP System Administrator","/homel/wd2adm","/bin/csh"
"Global","wdqadm","wdqadm","130037","501","SAP System Administrator","/homel/wdqadm","/bin/csh"
"Global","whhumph","whhumph","10863","120","William Humphries","/home/whhumph","/usr/bin/ksh"
"Global","whit10","whit10","119087","500","Tim White","/home/whit10","/usr/bin/ksh"
"Global","whitirw","whitirw","120420","120","Rick Whiting","/home/whitirw","/bin/bash"
"Global","wineia","wineia","130163","120","Andrew (P66) Wineinger","/home/wineia","/bin/bash"
"Global","winklt","winklt","82358","120","Lloyed Wink","/home/winklt","/usr/bin/ksh"
"Global","wlm","wlm","1246","120","Warren Mayer","/home/wlm","/bin/ksh"
"Global","woodrjl","woodrjl","24217","120","Jeff Woodruff","/home/woodrjl","/usr/bin/ksh"
"Global","wpricelc","wpricelc","16775","854","Butch Cross","/dis/wprice","/bin/tcsh"
"Global","wt2adm","wt2adm","130043","501","SAP System Administrator","/homel/wt2adm","/bin/csh"
"Global","wtqadm","wtqadm","130039","501","SAP System Administrator","/homel/wtqadm","/bin/csh"
"Global","www","www","3245","188","www","/usr/httpd","/bin/ksh"
"Global","x66ff1","x66ff1","121448","500","X66FF1 FireFighter1","/home/x66ff1","/usr/bin/ksh"
"Global","yjiang","yjiang","51854","120","Yue Jiang","/home/yjiang","/usr/bin/ksh"
