ComputerName,UnixName,SamAccountName
lnx-srv004,tetsu,tetsu
lnx-srv004,clyde,clyde
lnx-srv004,alyssia,alyssia
lnx-srv004,joe,jcool
lnx-srv005,tetsu,tetsu
lnx-srv005,acolliga,acolliga
lnx-srv005,clyde,clyde
lnx-srv005,jcool,jcool
lnx-srv005,julio,julio
lnx-srv005,joe,joseph
lnx-srv006,tetsu,tetsu
lnx-srv006,clyde,clyde
unx-srv001,dbaltaza,dbaltaza
unx-srv001,jcool,jcool
unx-srv001,julio,julio
unx-srv001,murrow_h,murrow_h
unx-srv001,tetsu,tetsu
unx-srv001,clyde,clyde
unx-srv001,alyssia,alyssia
unx-srv001,cedar,cedar
unx-srv001,acolliga,acolliga
unx-srv001,hgarry,hgarry