<?xml version="1.0" encoding="UTF-8"?>
<web-app
    xmlns="http://geronimo.apache.org/xml/ns/j2ee/web-1.1">
    <environment>
        <moduleId>
            <artifactId>CSPMSample</artifactId>
        </moduleId>
        <dependencies>
            <dependency>
                <groupId>console.dbpool</groupId>
                <artifactId>SampleDS</artifactId>
            </dependency>
            <dependency>
                <groupId>console.dbpool</groupId>
                <artifactId>CSPMSampleDS</artifactId>
            </dependency>
            <dependency>
                <groupId>cspmclient</groupId>
                <artifactId>cspmclient</artifactId>
                <version>3.5</version>
                <type>jar</type>
            </dependency>
            <dependency>
                <groupId>cloakwareJdbc</groupId>
                <artifactId>cloakwareJdbc</artifactId>
                <version>3.5</version>
                <type>jar</type>
            </dependency>            
        </dependencies>
    </environment>

    <context-root>/cspmWebsphereSample</context-root>

    <!-- security settings, if any, go here -->

    <resource-ref>
        <ref-name>SampleDS</ref-name>
        <resource-link>SampleDS</resource-link>
    </resource-ref>

    <resource-ref>
        <ref-name>CSPMSampleDS</ref-name>
        <resource-link>CSPMSampleDS</resource-link>
    </resource-ref>
</web-app>