<?xml version="1.0" encoding="UTF-8"?>

<datasources>
	<local-tx-datasource>

		<!-- The jndi name of the DataSource, it is prefixed with java:/ -->
		<jndi-name>jdbc/SampleDS</jndi-name>

		<connection-url>
			jdbc:hsqldb:hsql://localhost:9001/cspm1
		</connection-url>

		<!-- The driver class -->
		<driver-class>
			org.hsqldb.jdbcDriver
		</driver-class>

		<!-- The login and password -->
		<user-name>TestUser</user-name>
		<password>Test</password>

		<!-- The minimum connections in a pool/sub-pool. -->
		<min-pool-size>1</min-pool-size>

		<!-- The maximum connections in a pool/sub-pool -->
		<max-pool-size>5</max-pool-size>

		<!-- The time before an unused connection is destroyed -->
		<idle-timeout-minutes>1</idle-timeout-minutes>

		<track-statements />

		<prepared-statement-cache-size>
			32
		</prepared-statement-cache-size>

		<!-- corresponding type-mapping in the standardjbosscmp-jdbc.xml -->
		<metadata>
			<type-mapping>Hypersonic SQL</type-mapping>
		</metadata>

	</local-tx-datasource>
</datasources>
